Type_ID,Length (ft)
car_cv,16.4041995
hov_cv,16.4041995
lightTruck_cv,22.9658793
heavyTruck_cv,49.2125984
car,16.4041995
hov,16.4041995
lightTruck,22.9658793
heavyTruck,49.2125984